{"stats":{"minecraft:used":{"minecraft:dirt":2},"minecraft:picked_up":{"minecraft:diamond":2,"minecraft:wheat_seeds":13,"minecraft:diorite":320,"minecraft:dirt":2},"minecraft:custom":{"minecraft:time_since_rest":14380,"minecraft:play_time":14380,"minecraft:sprint_one_cm":13911,"minecraft:damage_taken":190,"minecraft:walk_one_cm":11091,"minecraft:sneak_time":40,"minecraft:drop":138,"minecraft:jump":104,"minecraft:damage_dealt":336,"minecraft:leave_game":1,"minecraft:time_since_death":14380,"minecraft:total_world_time":14380,"minecraft:fall_one_cm":3754,"minecraft:fly_one_cm":41969,"minecraft:horse_one_cm":1437},"minecraft:mined":{"minecraft:grass":84,"minecraft:grass_block":2,"minecraft:tall_grass":42},"minecraft:dropped":{"minecraft:wheat_seeds":5,"minecraft:diorite":320,"minecraft:diamond":2}},"DataVersion":2975}