{"stats":{"minecraft:used":{"minecraft:dirt":2},"minecraft:picked_up":{"minecraft:diamond":2,"minecraft:wheat_seeds":12,"minecraft:dirt":2},"minecraft:custom":{"minecraft:jump":58,"minecraft:time_since_rest":4969,"minecraft:damage_dealt":30,"minecraft:damage_taken":190,"minecraft:sprint_one_cm":8908,"minecraft:play_time":4969,"minecraft:time_since_death":4969,"minecraft:walk_one_cm":7578,"minecraft:total_world_time":4969,"minecraft:drop":7,"minecraft:fall_one_cm":3754,"minecraft:fly_one_cm":10258,"minecraft:horse_one_cm":1437},"minecraft:mined":{"minecraft:tall_grass":42,"minecraft:grass":78,"minecraft:grass_block":2},"minecraft:dropped":{"minecraft:diamond":2,"minecraft:wheat_seeds":5}},"DataVersion":2975}